{
    "dataset": "train",
    "Accuracy": 1.0,
    "Balanced Accuracy": 0.8936507936507936,
    "Recall": 0.7873015873015873,
    "F1-Score": 0.8809946714031972
}
{
    "dataset": "test",
    "Accuracy": 0.6635111876075731,
    "Balanced Accuracy": 0.6746157112255657,
    "Recall": 0.40451206715634835,
    "F1-Score": 0.5026075619295959
}
{
    "type": "cm_matrix",
    "dataset": "train",
    "true_0": {
        "predicted_0": 16228,
        "predicted_1": 0
    },
    "true_1": {
        "predicted_0": 1005,
        "predicted_1": 3720
    }
}
{
    "type": "cm_matrix",
    "dataset": "test",
    "true_0": {
        "predicted_0": 6682,
        "predicted_1": 391
    },
    "true_1": {
        "predicted_0": 1135,
        "predicted_1": 771
    }
}
